<application>
  <component name="EclipseCodeFormatterSettings">
    <option name="settingsList">
      <list>
        <Settings>
          <option name="formatter" value="ECLIPSE" />
          <option name="id" value="1647496797704" />
          <option name="name" value="ercp2-services" />
          <option name="pathToConfigFileJava" value="D:\prj\opensource\p3c\p3c-formatter\eclipse-codestyle.xml" />
          <option name="selectedJavaProfile" value="P3C-CodeStyle" />
        </Settings>
      </list>
    </option>
  </component>
</application>