<application>
  <component name="GrepConsole">
    <option name="grepHistory">
      <list>
        <GrepCompositeModel>
          <option name="models">
            <list>
              <GrepModel>
                <option name="expression" value="导出文件" />
              </GrepModel>
            </list>
          </option>
        </GrepCompositeModel>
        <GrepCompositeModel>
          <option name="models">
            <list>
              <GrepModel>
                <option name="expression" value="kafka init failed, monitoring profile does not exist." />
              </GrepModel>
            </list>
          </option>
        </GrepCompositeModel>
        <GrepCompositeModel>
          <option name="models">
            <list>
              <GrepModel>
                <option name="expression" value="MasterConnectionPool" />
              </GrepModel>
            </list>
          </option>
        </GrepCompositeModel>
        <GrepCompositeModel>
          <option name="models">
            <list>
              <GrepModel>
                <option name="expression" value="OkHttpRequest" />
              </GrepModel>
            </list>
          </option>
        </GrepCompositeModel>
        <GrepCompositeModel>
          <option name="models">
            <list>
              <GrepModel>
                <option name="expression" value="testing" />
              </GrepModel>
            </list>
          </option>
        </GrepCompositeModel>
        <GrepCompositeModel>
          <option name="models">
            <list>
              <GrepModel>
                <option name="expression" value="通过城市编码" />
              </GrepModel>
            </list>
          </option>
        </GrepCompositeModel>
        <GrepCompositeModel>
          <option name="models">
            <list>
              <GrepModel>
                <option name="expression" value="实时生成展示的内容" />
              </GrepModel>
            </list>
          </option>
        </GrepCompositeModel>
        <GrepCompositeModel>
          <option name="models">
            <list>
              <GrepModel>
                <option name="expression" value="ds:" />
              </GrepModel>
            </list>
          </option>
        </GrepCompositeModel>
        <GrepCompositeModel>
          <option name="models">
            <list>
              <GrepModel>
                <option name="expression" value="门店ID" />
              </GrepModel>
            </list>
          </option>
        </GrepCompositeModel>
        <GrepCompositeModel>
          <option name="models">
            <list>
              <GrepModel>
                <option name="expression" value="门店ID" />
              </GrepModel>
              <GrepModel>
                <option name="expression" value="无配置有效期的" />
              </GrepModel>
            </list>
          </option>
        </GrepCompositeModel>
        <GrepCompositeModel>
          <option name="models">
            <list>
              <GrepModel>
                <option name="expression" value="d822b2e2777e4fd09073ce8501e82179" />
              </GrepModel>
            </list>
          </option>
        </GrepCompositeModel>
        <GrepCompositeModel>
          <option name="models">
            <list>
              <GrepModel>
                <option name="expression" value="门店ID" />
              </GrepModel>
              <GrepModel>
                <option name="expression" value="无配置有效期的" />
              </GrepModel>
              <GrepModel>
                <option name="expression" value="有效期区间之间的间隔MAP" />
              </GrepModel>
            </list>
          </option>
        </GrepCompositeModel>
        <GrepCompositeModel>
          <option name="models">
            <list>
              <GrepModel>
                <option name="expression" value="默认有效开始时间" />
              </GrepModel>
            </list>
          </option>
        </GrepCompositeModel>
        <GrepCompositeModel>
          <option name="models">
            <list>
              <GrepModel>
                <option name="expression" value="时段DTO" />
              </GrepModel>
            </list>
          </option>
        </GrepCompositeModel>
        <GrepCompositeModel>
          <option name="models">
            <list>
              <GrepModel>
                <option name="expression" value="公司ID" />
              </GrepModel>
            </list>
          </option>
        </GrepCompositeModel>
        <GrepCompositeModel>
          <option name="models">
            <list>
              <GrepModel>
                <option name="caseSensitive" value="true" />
                <option name="expression" value="标准事件回调通知" />
                <option name="wholeWords" value="true" />
              </GrepModel>
            </list>
          </option>
        </GrepCompositeModel>
        <GrepCompositeModel>
          <option name="models">
            <list>
              <GrepModel>
                <option name="expression" value="标准事件" />
              </GrepModel>
            </list>
          </option>
        </GrepCompositeModel>
        <GrepCompositeModel>
          <option name="models">
            <list>
              <GrepModel>
                <option name="expression" value="" />
              </GrepModel>
            </list>
          </option>
        </GrepCompositeModel>
        <GrepCompositeModel>
          <option name="models">
            <list>
              <GrepModel>
                <option name="expression" value="insurance_franchise_config" />
              </GrepModel>
            </list>
          </option>
        </GrepCompositeModel>
      </list>
    </option>
    <option name="profiles">
      <list>
        <Profile>
          <option name="defaultProfile" value="true" />
          <option name="grepExpressionGroups">
            <list>
              <GrepExpressionGroup>
                <option name="grepExpressionItems">
                  <list>
                    <GrepExpressionItem>
                      <option name="grepExpression" value=".*FATAL.*" />
                      <option name="style">
                        <GrepStyle>
                          <option name="backgroundColor">
                            <GrepColor>
                              <option name="colorKey" value="GrepConsole.fatal.background" />
                              <option name="enabled" value="true" />
                            </GrepColor>
                          </option>
                          <option name="bold" value="true" />
                          <option name="foregroundColor">
                            <GrepColor>
                              <option name="colorKey" value="GrepConsole.fatal.foreground" />
                              <option name="enabled" value="true" />
                            </GrepColor>
                          </option>
                        </GrepStyle>
                      </option>
                    </GrepExpressionItem>
                    <GrepExpressionItem>
                      <option name="grepExpression" value=".*ERROR.*" />
                      <option name="style">
                        <GrepStyle>
                          <option name="backgroundColor">
                            <GrepColor>
                              <option name="colorKey" value="GrepConsole.error.background" />
                              <option name="enabled" value="true" />
                            </GrepColor>
                          </option>
                          <option name="foregroundColor">
                            <GrepColor>
                              <option name="colorKey" value="GrepConsole.error.foreground" />
                              <option name="enabled" value="true" />
                            </GrepColor>
                          </option>
                        </GrepStyle>
                      </option>
                    </GrepExpressionItem>
                    <GrepExpressionItem>
                      <option name="grepExpression" value=".*WARN.*" />
                      <option name="style">
                        <GrepStyle>
                          <option name="backgroundColor">
                            <GrepColor>
                              <option name="colorKey" value="GrepConsole.warn.background" />
                              <option name="enabled" value="true" />
                            </GrepColor>
                          </option>
                          <option name="foregroundColor">
                            <GrepColor>
                              <option name="colorKey" value="GrepConsole.warn.foreground" />
                              <option name="enabled" value="true" />
                            </GrepColor>
                          </option>
                        </GrepStyle>
                      </option>
                    </GrepExpressionItem>
                    <GrepExpressionItem>
                      <option name="enabled" value="false" />
                      <option name="grepExpression" value=".*INFO.*" />
                      <option name="style">
                        <GrepStyle>
                          <option name="backgroundColor">
                            <GrepColor>
                              <option name="colorKey" value="GrepConsole.info.background" />
                              <option name="enabled" value="true" />
                            </GrepColor>
                          </option>
                          <option name="foregroundColor">
                            <GrepColor>
                              <option name="colorKey" value="GrepConsole.info.foreground" />
                              <option name="enabled" value="true" />
                            </GrepColor>
                          </option>
                        </GrepStyle>
                      </option>
                    </GrepExpressionItem>
                    <GrepExpressionItem>
                      <option name="grepExpression" value=".*DEBUG.*" />
                      <option name="style">
                        <GrepStyle>
                          <option name="backgroundColor">
                            <GrepColor>
                              <option name="colorKey" value="GrepConsole.debug.background" />
                              <option name="enabled" value="true" />
                            </GrepColor>
                          </option>
                          <option name="foregroundColor">
                            <GrepColor>
                              <option name="colorKey" value="GrepConsole.debug.foreground" />
                              <option name="enabled" value="true" />
                            </GrepColor>
                          </option>
                        </GrepStyle>
                      </option>
                    </GrepExpressionItem>
                    <GrepExpressionItem>
                      <option name="grepExpression" value=".*TRACE.*" />
                      <option name="style">
                        <GrepStyle>
                          <option name="backgroundColor">
                            <GrepColor>
                              <option name="colorKey" value="GrepConsole.trace.background" />
                              <option name="enabled" value="true" />
                            </GrepColor>
                          </option>
                          <option name="foregroundColor">
                            <GrepColor>
                              <option name="colorKey" value="GrepConsole.trace.foreground" />
                              <option name="enabled" value="true" />
                            </GrepColor>
                          </option>
                        </GrepStyle>
                      </option>
                    </GrepExpressionItem>
                  </list>
                </option>
              </GrepExpressionGroup>
              <GrepExpressionGroup>
                <option name="name" value="@Theme Name@" />
              </GrepExpressionGroup>
            </list>
          </option>
          <option name="id" value="1670401840021" />
          <option name="inputFilterGroups">
            <list>
              <GrepExpressionGroup>
                <option name="grepExpressionItems">
                  <list>
                    <GrepExpressionItem>
                      <option name="action" value="REMOVE" />
                      <option name="enabled" value="false" />
                      <option name="grepExpression" value=".*unwanted line.*" />
                    </GrepExpressionItem>
                    <GrepExpressionItem>
                      <option name="action" value="REMOVE_UNLESS_PREVIOUSLY_MATCHED" />
                      <option name="enabled" value="false" />
                      <option name="grepExpression" value=".*unwanted line.*" />
                    </GrepExpressionItem>
                  </list>
                </option>
              </GrepExpressionGroup>
            </list>
          </option>
          <option name="name" value="default" />
        </Profile>
      </list>
    </option>
    <option name="version" value="2" />
  </component>
</application>