<application>
  <component name="ProjectManager">
    <defaultProject>
      <component name="EasyCodeTableSetting">
        <option name="tableInfoMap">
          <map>
            <entry key="rentcar_api_agent_platform">
              <value>
                <TableInfoDTO>
                  <option name="comment" value="代理商平台" />
                  <option name="fullColumn">
                    <list>
                      <ColumnInfoDTO>
                        <option name="comment" value="代理商平台ID" />
                        <option name="custom" value="false" />
                        <option name="name" value="id" />
                        <option name="type" value="java.lang.Long" />
                      </ColumnInfoDTO>
                      <ColumnInfoDTO>
                        <option name="comment" value="公司全称" />
                        <option name="custom" value="false" />
                        <option name="name" value="fullName" />
                        <option name="type" value="java.lang.String" />
                      </ColumnInfoDTO>
                      <ColumnInfoDTO>
                        <option name="comment" value="中文全名" />
                        <option name="custom" value="false" />
                        <option name="name" value="cnFullName" />
                        <option name="type" value="java.lang.String" />
                      </ColumnInfoDTO>
                      <ColumnInfoDTO>
                        <option name="comment" value="公司简称" />
                        <option name="custom" value="false" />
                        <option name="name" value="shortName" />
                        <option name="type" value="java.lang.String" />
                      </ColumnInfoDTO>
                      <ColumnInfoDTO>
                        <option name="comment" value="公司代码" />
                        <option name="custom" value="false" />
                        <option name="name" value="code" />
                        <option name="type" value="java.lang.String" />
                      </ColumnInfoDTO>
                      <ColumnInfoDTO>
                        <option name="comment" value="状态 0停用，1 可用" />
                        <option name="custom" value="false" />
                        <option name="name" value="status" />
                        <option name="type" value="java.lang.Integer" />
                      </ColumnInfoDTO>
                      <ColumnInfoDTO>
                        <option name="comment" value="密匙" />
                        <option name="custom" value="false" />
                        <option name="name" value="token" />
                        <option name="type" value="java.lang.String" />
                      </ColumnInfoDTO>
                      <ColumnInfoDTO>
                        <option name="comment" value="开通日期" />
                        <option name="custom" value="false" />
                        <option name="name" value="accessDate" />
                        <option name="type" value="java.util.Date" />
                      </ColumnInfoDTO>
                      <ColumnInfoDTO>
                        <option name="comment" value="订单处使用的id" />
                        <option name="custom" value="false" />
                        <option name="name" value="orderSourceId" />
                        <option name="type" value="java.lang.Integer" />
                      </ColumnInfoDTO>
                      <ColumnInfoDTO>
                        <option name="comment" value="描述" />
                        <option name="custom" value="false" />
                        <option name="name" value="description" />
                        <option name="type" value="java.lang.String" />
                      </ColumnInfoDTO>
                      <ColumnInfoDTO>
                        <option name="comment" value="公司id" />
                        <option name="custom" value="false" />
                        <option name="name" value="companyId" />
                        <option name="type" value="java.lang.Long" />
                      </ColumnInfoDTO>
                      <ColumnInfoDTO>
                        <option name="comment" value="创建时间" />
                        <option name="custom" value="false" />
                        <option name="name" value="gmtCreate" />
                        <option name="type" value="java.util.Date" />
                      </ColumnInfoDTO>
                      <ColumnInfoDTO>
                        <option name="comment" value="修改时间" />
                        <option name="custom" value="false" />
                        <option name="name" value="gmtModified" />
                        <option name="type" value="java.util.Date" />
                      </ColumnInfoDTO>
                    </list>
                  </option>
                  <option name="name" value="RentcarApiAgentPlatform" />
                  <option name="preName" value="" />
                  <option name="saveModelName" value="litespring" />
                  <option name="savePackageName" value="" />
                  <option name="savePath" value="./litespring/src/main/java" />
                  <option name="templateGroupName" value="Default" />
                </TableInfoDTO>
              </value>
            </entry>
            <entry key="rentcar_user_rbac_node">
              <value>
                <TableInfoDTO>
                  <option name="comment" value="权限表" />
                  <option name="fullColumn">
                    <list>
                      <ColumnInfoDTO>
                        <option name="comment" value="权限表id" />
                        <option name="custom" value="false" />
                        <option name="name" value="id" />
                        <option name="type" value="java.lang.Long" />
                      </ColumnInfoDTO>
                      <ColumnInfoDTO>
                        <option name="comment" value="模块列表：&#10;app_api: APP端接口权限,&#10;app_node: APP端客户端节点权限,&#10;main_api: 商户后台API权限, &#10;main_web_node: 商户后台前端节点权限, &#10;main_web_menu: 商户后台菜单权限, &#10;super_api: 运营后台API权限, &#10;super_web_node: 运营后台前端节点权限, &#10;super_web_menu: 运营后台菜单权限," />
                        <option name="custom" value="false" />
                        <option name="name" value="module" />
                        <option name="type" value="java.lang.String" />
                      </ColumnInfoDTO>
                      <ColumnInfoDTO>
                        <option name="comment" value="分组目录，以英文斜杠【/】作为分隔&#10;如: /user/manage/ 后台会按这个层级展示" />
                        <option name="custom" value="false" />
                        <option name="name" value="group1" />
                        <option name="type" value="java.lang.String" />
                      </ColumnInfoDTO>
                      <ColumnInfoDTO>
                        <option name="comment" value="类型，不参与权限，仅作为权限的额外区分字段" />
                        <option name="custom" value="false" />
                        <option name="name" value="type" />
                        <option name="type" value="java.lang.String" />
                      </ColumnInfoDTO>
                      <ColumnInfoDTO>
                        <option name="comment" value="权限判断关键词：&#10;后端接口为完整的Request路径，不区分GET/POST&#10;前端为菜单key或自定义属性" />
                        <option name="custom" value="false" />
                        <option name="name" value="uniqKey" />
                        <option name="type" value="java.lang.String" />
                      </ColumnInfoDTO>
                      <ColumnInfoDTO>
                        <option name="comment" value="备注" />
                        <option name="custom" value="false" />
                        <option name="name" value="memo" />
                        <option name="type" value="java.lang.String" />
                      </ColumnInfoDTO>
                      <ColumnInfoDTO>
                        <option name="comment" value="状态(1:正常,0:停用)" />
                        <option name="custom" value="false" />
                        <option name="name" value="status" />
                        <option name="type" value="java.lang.Integer" />
                      </ColumnInfoDTO>
                      <ColumnInfoDTO>
                        <option name="comment" value="来源数据，便于快速定位权限节点，可为空" />
                        <option name="custom" value="false" />
                        <option name="name" value="sourceRoot" />
                        <option name="type" value="java.lang.String" />
                      </ColumnInfoDTO>
                      <ColumnInfoDTO>
                        <option name="comment" value="创建时间" />
                        <option name="custom" value="false" />
                        <option name="name" value="gmtCreate" />
                        <option name="type" value="java.util.Date" />
                      </ColumnInfoDTO>
                      <ColumnInfoDTO>
                        <option name="comment" value="修改时间" />
                        <option name="custom" value="false" />
                        <option name="name" value="gmtModified" />
                        <option name="type" value="java.util.Date" />
                      </ColumnInfoDTO>
                    </list>
                  </option>
                  <option name="name" value="RentcarUserRbacNode" />
                  <option name="preName" value="" />
                  <option name="saveModelName" value="" />
                  <option name="savePackageName" value="" />
                  <option name="savePath" value="" />
                  <option name="templateGroupName" value="" />
                </TableInfoDTO>
              </value>
            </entry>
            <entry key="system_config_tbl">
              <value>
                <TableInfoDTO>
                  <option name="comment" value="系统管理配置表" />
                  <option name="fullColumn">
                    <list>
                      <ColumnInfoDTO>
                        <option name="custom" value="false" />
                        <option name="ext">
                          <map>
                            <entry key="jdbcType">
                              <value>
                                <Object />
                              </value>
                            </entry>
                            <entry key="sqlType">
                              <value>
                                <Object />
                              </value>
                            </entry>
                          </map>
                        </option>
                        <option name="name" value="id" />
                        <option name="type" value="java.lang.Integer" />
                      </ColumnInfoDTO>
                      <ColumnInfoDTO>
                        <option name="comment" value="配置key" />
                        <option name="custom" value="false" />
                        <option name="ext">
                          <map>
                            <entry key="jdbcType">
                              <value>
                                <Object />
                              </value>
                            </entry>
                            <entry key="sqlType">
                              <value>
                                <Object />
                              </value>
                            </entry>
                          </map>
                        </option>
                        <option name="name" value="configKey" />
                        <option name="type" value="java.lang.String" />
                      </ColumnInfoDTO>
                      <ColumnInfoDTO>
                        <option name="comment" value="配置值" />
                        <option name="custom" value="false" />
                        <option name="ext">
                          <map>
                            <entry key="jdbcType">
                              <value>
                                <Object />
                              </value>
                            </entry>
                            <entry key="sqlType">
                              <value>
                                <Object />
                              </value>
                            </entry>
                          </map>
                        </option>
                        <option name="name" value="configVal" />
                        <option name="type" value="java.lang.String" />
                      </ColumnInfoDTO>
                      <ColumnInfoDTO>
                        <option name="comment" value="公司ID" />
                        <option name="custom" value="false" />
                        <option name="ext">
                          <map>
                            <entry key="jdbcType">
                              <value>
                                <Object />
                              </value>
                            </entry>
                            <entry key="sqlType">
                              <value>
                                <Object />
                              </value>
                            </entry>
                          </map>
                        </option>
                        <option name="name" value="companyId" />
                        <option name="type" value="java.lang.Integer" />
                      </ColumnInfoDTO>
                      <ColumnInfoDTO>
                        <option name="comment" value="门店id" />
                        <option name="custom" value="false" />
                        <option name="ext">
                          <map>
                            <entry key="jdbcType">
                              <value>
                                <Object />
                              </value>
                            </entry>
                            <entry key="sqlType">
                              <value>
                                <Object />
                              </value>
                            </entry>
                          </map>
                        </option>
                        <option name="name" value="storeId" />
                        <option name="type" value="java.lang.Integer" />
                      </ColumnInfoDTO>
                      <ColumnInfoDTO>
                        <option name="comment" value="国家id" />
                        <option name="custom" value="false" />
                        <option name="ext">
                          <map>
                            <entry key="jdbcType">
                              <value>
                                <Object />
                              </value>
                            </entry>
                            <entry key="sqlType">
                              <value>
                                <Object />
                              </value>
                            </entry>
                          </map>
                        </option>
                        <option name="name" value="countryId" />
                        <option name="type" value="java.lang.Integer" />
                      </ColumnInfoDTO>
                      <ColumnInfoDTO>
                        <option name="comment" value="城市id" />
                        <option name="custom" value="false" />
                        <option name="ext">
                          <map>
                            <entry key="jdbcType">
                              <value>
                                <Object />
                              </value>
                            </entry>
                            <entry key="sqlType">
                              <value>
                                <Object />
                              </value>
                            </entry>
                          </map>
                        </option>
                        <option name="name" value="cityId" />
                        <option name="type" value="java.lang.Integer" />
                      </ColumnInfoDTO>
                      <ColumnInfoDTO>
                        <option name="comment" value="是否闪租(1:是,-1:不是,0:全部)" />
                        <option name="custom" value="false" />
                        <option name="ext">
                          <map>
                            <entry key="jdbcType">
                              <value>
                                <Object />
                              </value>
                            </entry>
                            <entry key="sqlType">
                              <value>
                                <Object />
                              </value>
                            </entry>
                          </map>
                        </option>
                        <option name="name" value="isEzu" />
                        <option name="type" value="java.lang.Integer" />
                      </ColumnInfoDTO>
                      <ColumnInfoDTO>
                        <option name="comment" value="上次操作者id" />
                        <option name="custom" value="false" />
                        <option name="ext">
                          <map>
                            <entry key="jdbcType">
                              <value>
                                <Object />
                              </value>
                            </entry>
                            <entry key="sqlType">
                              <value>
                                <Object />
                              </value>
                            </entry>
                          </map>
                        </option>
                        <option name="name" value="adminId" />
                        <option name="type" value="java.lang.Integer" />
                      </ColumnInfoDTO>
                      <ColumnInfoDTO>
                        <option name="comment" value="上次操作者" />
                        <option name="custom" value="false" />
                        <option name="ext">
                          <map>
                            <entry key="jdbcType">
                              <value>
                                <Object />
                              </value>
                            </entry>
                            <entry key="sqlType">
                              <value>
                                <Object />
                              </value>
                            </entry>
                          </map>
                        </option>
                        <option name="name" value="adminName" />
                        <option name="type" value="java.lang.String" />
                      </ColumnInfoDTO>
                      <ColumnInfoDTO>
                        <option name="comment" value="是否删除(0:不是,1:已删除)" />
                        <option name="custom" value="false" />
                        <option name="ext">
                          <map>
                            <entry key="jdbcType">
                              <value>
                                <Object />
                              </value>
                            </entry>
                            <entry key="sqlType">
                              <value>
                                <Object />
                              </value>
                            </entry>
                          </map>
                        </option>
                        <option name="name" value="isDel" />
                        <option name="type" value="java.lang.Integer" />
                      </ColumnInfoDTO>
                      <ColumnInfoDTO>
                        <option name="comment" value="更新时间" />
                        <option name="custom" value="false" />
                        <option name="ext">
                          <map>
                            <entry key="jdbcType">
                              <value>
                                <Object />
                              </value>
                            </entry>
                            <entry key="sqlType">
                              <value>
                                <Object />
                              </value>
                            </entry>
                          </map>
                        </option>
                        <option name="name" value="updateTime" />
                        <option name="type" value="java.lang.String" />
                      </ColumnInfoDTO>
                      <ColumnInfoDTO>
                        <option name="comment" value="添加时间" />
                        <option name="custom" value="false" />
                        <option name="ext">
                          <map>
                            <entry key="jdbcType">
                              <value>
                                <Object />
                              </value>
                            </entry>
                            <entry key="sqlType">
                              <value>
                                <Object />
                              </value>
                            </entry>
                          </map>
                        </option>
                        <option name="name" value="addTime" />
                        <option name="type" value="java.lang.String" />
                      </ColumnInfoDTO>
                      <ColumnInfoDTO>
                        <option name="custom" value="false" />
                        <option name="ext">
                          <map>
                            <entry key="jdbcType">
                              <value>
                                <Object />
                              </value>
                            </entry>
                            <entry key="sqlType">
                              <value>
                                <Object />
                              </value>
                            </entry>
                          </map>
                        </option>
                        <option name="name" value="gmtCreate" />
                        <option name="type" value="java.util.Date" />
                      </ColumnInfoDTO>
                      <ColumnInfoDTO>
                        <option name="custom" value="false" />
                        <option name="ext">
                          <map>
                            <entry key="jdbcType">
                              <value>
                                <Object />
                              </value>
                            </entry>
                            <entry key="sqlType">
                              <value>
                                <Object />
                              </value>
                            </entry>
                          </map>
                        </option>
                        <option name="name" value="gmtModified" />
                        <option name="type" value="java.util.Date" />
                      </ColumnInfoDTO>
                    </list>
                  </option>
                  <option name="name" value="SystemConfigTbl" />
                  <option name="preName" value="" />
                  <option name="saveModelName" value="devtoolbox" />
                  <option name="savePackageName" value="com.example.devtoolbox.migration.system" />
                  <option name="savePath" value="./devtoolbox/src/main/java/com/example/devtoolbox/migration/system" />
                  <option name="templateGroupName" value="Default" />
                </TableInfoDTO>
              </value>
            </entry>
            <entry key="testing_user_log_2022_12">
              <value>
                <TableInfoDTO>
                  <option name="fullColumn">
                    <list>
                      <ColumnInfoDTO>
                        <option name="custom" value="false" />
                        <option name="ext">
                          <map />
                        </option>
                        <option name="name" value="Id" />
                        <option name="type" value="java.lang.String" />
                      </ColumnInfoDTO>
                      <ColumnInfoDTO>
                        <option name="custom" value="false" />
                        <option name="ext">
                          <map />
                        </option>
                        <option name="name" value="createdAt" />
                        <option name="type" value="java.lang.String" />
                      </ColumnInfoDTO>
                      <ColumnInfoDTO>
                        <option name="custom" value="false" />
                        <option name="ext">
                          <map />
                        </option>
                        <option name="name" value="diffData" />
                        <option name="type" value="java.lang.String" />
                      </ColumnInfoDTO>
                      <ColumnInfoDTO>
                        <option name="custom" value="false" />
                        <option name="ext">
                          <map />
                        </option>
                        <option name="name" value="diffData.data" />
                        <option name="type" value="java.lang.String" />
                      </ColumnInfoDTO>
                      <ColumnInfoDTO>
                        <option name="custom" value="false" />
                        <option name="ext">
                          <map />
                        </option>
                        <option name="name" value="diffData.data.from" />
                        <option name="type" value="java.lang.String" />
                      </ColumnInfoDTO>
                      <ColumnInfoDTO>
                        <option name="custom" value="false" />
                        <option name="ext">
                          <map />
                        </option>
                        <option name="name" value="diffData.data.isDel" />
                        <option name="type" value="java.lang.String" />
                      </ColumnInfoDTO>
                      <ColumnInfoDTO>
                        <option name="custom" value="false" />
                        <option name="ext">
                          <map />
                        </option>
                        <option name="name" value="diffData.data.name" />
                        <option name="type" value="java.lang.String" />
                      </ColumnInfoDTO>
                      <ColumnInfoDTO>
                        <option name="custom" value="false" />
                        <option name="ext">
                          <map />
                        </option>
                        <option name="name" value="diffData.data.name.from" />
                        <option name="type" value="java.lang.String" />
                      </ColumnInfoDTO>
                      <ColumnInfoDTO>
                        <option name="custom" value="false" />
                        <option name="ext">
                          <map />
                        </option>
                        <option name="name" value="diffData.data.name.to" />
                        <option name="type" value="java.lang.String" />
                      </ColumnInfoDTO>
                      <ColumnInfoDTO>
                        <option name="custom" value="false" />
                        <option name="ext">
                          <map />
                        </option>
                        <option name="name" value="diffData.data.remark" />
                        <option name="type" value="java.lang.String" />
                      </ColumnInfoDTO>
                      <ColumnInfoDTO>
                        <option name="custom" value="false" />
                        <option name="ext">
                          <map />
                        </option>
                        <option name="name" value="diffData.data.remark.from" />
                        <option name="type" value="java.lang.String" />
                      </ColumnInfoDTO>
                      <ColumnInfoDTO>
                        <option name="custom" value="false" />
                        <option name="ext">
                          <map />
                        </option>
                        <option name="name" value="diffData.data.remark.to" />
                        <option name="type" value="java.lang.String" />
                      </ColumnInfoDTO>
                      <ColumnInfoDTO>
                        <option name="custom" value="false" />
                        <option name="ext">
                          <map />
                        </option>
                        <option name="name" value="diffData.data.status" />
                        <option name="type" value="java.lang.String" />
                      </ColumnInfoDTO>
                      <ColumnInfoDTO>
                        <option name="custom" value="false" />
                        <option name="ext">
                          <map />
                        </option>
                        <option name="name" value="diffData.data.status.from" />
                        <option name="type" value="java.lang.String" />
                      </ColumnInfoDTO>
                      <ColumnInfoDTO>
                        <option name="custom" value="false" />
                        <option name="ext">
                          <map />
                        </option>
                        <option name="name" value="diffData.data.status.to" />
                        <option name="type" value="java.lang.String" />
                      </ColumnInfoDTO>
                      <ColumnInfoDTO>
                        <option name="custom" value="false" />
                        <option name="ext">
                          <map />
                        </option>
                        <option name="name" value="diffData.data.to" />
                        <option name="type" value="java.lang.String" />
                      </ColumnInfoDTO>
                      <ColumnInfoDTO>
                        <option name="custom" value="false" />
                        <option name="ext">
                          <map />
                        </option>
                        <option name="name" value="diffData.key" />
                        <option name="type" value="java.lang.String" />
                      </ColumnInfoDTO>
                      <ColumnInfoDTO>
                        <option name="custom" value="false" />
                        <option name="ext">
                          <map />
                        </option>
                        <option name="name" value="diffData.keyData" />
                        <option name="type" value="java.lang.String" />
                      </ColumnInfoDTO>
                      <ColumnInfoDTO>
                        <option name="custom" value="false" />
                        <option name="ext">
                          <map />
                        </option>
                        <option name="name" value="diffData.module" />
                        <option name="type" value="java.lang.String" />
                      </ColumnInfoDTO>
                      <ColumnInfoDTO>
                        <option name="custom" value="false" />
                        <option name="ext">
                          <map />
                        </option>
                        <option name="name" value="diffData.type" />
                        <option name="type" value="java.lang.String" />
                      </ColumnInfoDTO>
                      <ColumnInfoDTO>
                        <option name="custom" value="false" />
                        <option name="ext">
                          <map />
                        </option>
                        <option name="name" value="requestData" />
                        <option name="type" value="java.lang.String" />
                      </ColumnInfoDTO>
                      <ColumnInfoDTO>
                        <option name="custom" value="false" />
                        <option name="ext">
                          <map />
                        </option>
                        <option name="name" value="requestData.addTime" />
                        <option name="type" value="java.lang.String" />
                      </ColumnInfoDTO>
                      <ColumnInfoDTO>
                        <option name="custom" value="false" />
                        <option name="ext">
                          <map />
                        </option>
                        <option name="name" value="requestData.companyId" />
                        <option name="type" value="java.lang.String" />
                      </ColumnInfoDTO>
                      <ColumnInfoDTO>
                        <option name="custom" value="false" />
                        <option name="ext">
                          <map />
                        </option>
                        <option name="name" value="requestData.ip" />
                        <option name="type" value="java.lang.String" />
                      </ColumnInfoDTO>
                      <ColumnInfoDTO>
                        <option name="custom" value="false" />
                        <option name="ext">
                          <map />
                        </option>
                        <option name="name" value="requestData.localDatetime" />
                        <option name="type" value="java.lang.String" />
                      </ColumnInfoDTO>
                      <ColumnInfoDTO>
                        <option name="custom" value="false" />
                        <option name="ext">
                          <map />
                        </option>
                        <option name="name" value="requestData.logType" />
                        <option name="type" value="java.lang.String" />
                      </ColumnInfoDTO>
                      <ColumnInfoDTO>
                        <option name="custom" value="false" />
                        <option name="ext">
                          <map />
                        </option>
                        <option name="name" value="requestData.oldData" />
                        <option name="type" value="java.lang.String" />
                      </ColumnInfoDTO>
                      <ColumnInfoDTO>
                        <option name="custom" value="false" />
                        <option name="ext">
                          <map />
                        </option>
                        <option name="name" value="requestData.operation" />
                        <option name="type" value="java.lang.String" />
                      </ColumnInfoDTO>
                      <ColumnInfoDTO>
                        <option name="custom" value="false" />
                        <option name="ext">
                          <map />
                        </option>
                        <option name="name" value="requestData.pass" />
                        <option name="type" value="java.lang.String" />
                      </ColumnInfoDTO>
                      <ColumnInfoDTO>
                        <option name="custom" value="false" />
                        <option name="ext">
                          <map />
                        </option>
                        <option name="name" value="requestData.reference" />
                        <option name="type" value="java.lang.String" />
                      </ColumnInfoDTO>
                      <ColumnInfoDTO>
                        <option name="custom" value="false" />
                        <option name="ext">
                          <map />
                        </option>
                        <option name="name" value="requestData.storeId" />
                        <option name="type" value="java.lang.String" />
                      </ColumnInfoDTO>
                      <ColumnInfoDTO>
                        <option name="custom" value="false" />
                        <option name="ext">
                          <map />
                        </option>
                        <option name="name" value="requestData.submitData" />
                        <option name="type" value="java.lang.String" />
                      </ColumnInfoDTO>
                      <ColumnInfoDTO>
                        <option name="custom" value="false" />
                        <option name="ext">
                          <map />
                        </option>
                        <option name="name" value="requestData.submitData.key" />
                        <option name="type" value="java.lang.String" />
                      </ColumnInfoDTO>
                      <ColumnInfoDTO>
                        <option name="custom" value="false" />
                        <option name="ext">
                          <map />
                        </option>
                        <option name="name" value="requestData.submitData.keyData" />
                        <option name="type" value="java.lang.String" />
                      </ColumnInfoDTO>
                      <ColumnInfoDTO>
                        <option name="custom" value="false" />
                        <option name="ext">
                          <map />
                        </option>
                        <option name="name" value="requestData.submitData.module" />
                        <option name="type" value="java.lang.String" />
                      </ColumnInfoDTO>
                      <ColumnInfoDTO>
                        <option name="custom" value="false" />
                        <option name="ext">
                          <map />
                        </option>
                        <option name="name" value="requestData.submitData.new" />
                        <option name="type" value="java.lang.String" />
                      </ColumnInfoDTO>
                      <ColumnInfoDTO>
                        <option name="custom" value="false" />
                        <option name="ext">
                          <map />
                        </option>
                        <option name="name" value="requestData.submitData.new.effect" />
                        <option name="type" value="java.lang.String" />
                      </ColumnInfoDTO>
                      <ColumnInfoDTO>
                        <option name="custom" value="false" />
                        <option name="ext">
                          <map />
                        </option>
                        <option name="name" value="requestData.submitData.new.isDel" />
                        <option name="type" value="java.lang.String" />
                      </ColumnInfoDTO>
                      <ColumnInfoDTO>
                        <option name="custom" value="false" />
                        <option name="ext">
                          <map />
                        </option>
                        <option name="name" value="requestData.submitData.new.name" />
                        <option name="type" value="java.lang.String" />
                      </ColumnInfoDTO>
                      <ColumnInfoDTO>
                        <option name="custom" value="false" />
                        <option name="ext">
                          <map />
                        </option>
                        <option name="name" value="requestData.submitData.new.remark" />
                        <option name="type" value="java.lang.String" />
                      </ColumnInfoDTO>
                      <ColumnInfoDTO>
                        <option name="custom" value="false" />
                        <option name="ext">
                          <map />
                        </option>
                        <option name="name" value="requestData.submitData.new.returnStoreId" />
                        <option name="type" value="java.lang.String" />
                      </ColumnInfoDTO>
                      <ColumnInfoDTO>
                        <option name="custom" value="false" />
                        <option name="ext">
                          <map />
                        </option>
                        <option name="name" value="requestData.submitData.new.status" />
                        <option name="type" value="java.lang.String" />
                      </ColumnInfoDTO>
                      <ColumnInfoDTO>
                        <option name="custom" value="false" />
                        <option name="ext">
                          <map />
                        </option>
                        <option name="name" value="requestData.submitData.new.storeId" />
                        <option name="type" value="java.lang.String" />
                      </ColumnInfoDTO>
                      <ColumnInfoDTO>
                        <option name="custom" value="false" />
                        <option name="ext">
                          <map />
                        </option>
                        <option name="name" value="requestData.submitData.new.vehGroupId" />
                        <option name="type" value="java.lang.String" />
                      </ColumnInfoDTO>
                      <ColumnInfoDTO>
                        <option name="custom" value="false" />
                        <option name="ext">
                          <map />
                        </option>
                        <option name="name" value="requestData.submitData.new.vehicleId" />
                        <option name="type" value="java.lang.String" />
                      </ColumnInfoDTO>
                      <ColumnInfoDTO>
                        <option name="custom" value="false" />
                        <option name="ext">
                          <map />
                        </option>
                        <option name="name" value="requestData.submitData.old" />
                        <option name="type" value="java.lang.String" />
                      </ColumnInfoDTO>
                      <ColumnInfoDTO>
                        <option name="custom" value="false" />
                        <option name="ext">
                          <map />
                        </option>
                        <option name="name" value="requestData.submitData.old.activeTime" />
                        <option name="type" value="java.lang.String" />
                      </ColumnInfoDTO>
                      <ColumnInfoDTO>
                        <option name="custom" value="false" />
                        <option name="ext">
                          <map />
                        </option>
                        <option name="name" value="requestData.submitData.old.effect" />
                        <option name="type" value="java.lang.String" />
                      </ColumnInfoDTO>
                      <ColumnInfoDTO>
                        <option name="custom" value="false" />
                        <option name="ext">
                          <map />
                        </option>
                        <option name="name" value="requestData.submitData.old.isDel" />
                        <option name="type" value="java.lang.String" />
                      </ColumnInfoDTO>
                      <ColumnInfoDTO>
                        <option name="custom" value="false" />
                        <option name="ext">
                          <map />
                        </option>
                        <option name="name" value="requestData.submitData.old.name" />
                        <option name="type" value="java.lang.String" />
                      </ColumnInfoDTO>
                      <ColumnInfoDTO>
                        <option name="custom" value="false" />
                        <option name="ext">
                          <map />
                        </option>
                        <option name="name" value="requestData.submitData.old.remark" />
                        <option name="type" value="java.lang.String" />
                      </ColumnInfoDTO>
                      <ColumnInfoDTO>
                        <option name="custom" value="false" />
                        <option name="ext">
                          <map />
                        </option>
                        <option name="name" value="requestData.submitData.old.returnStoreId" />
                        <option name="type" value="java.lang.String" />
                      </ColumnInfoDTO>
                      <ColumnInfoDTO>
                        <option name="custom" value="false" />
                        <option name="ext">
                          <map />
                        </option>
                        <option name="name" value="requestData.submitData.old.status" />
                        <option name="type" value="java.lang.String" />
                      </ColumnInfoDTO>
                      <ColumnInfoDTO>
                        <option name="custom" value="false" />
                        <option name="ext">
                          <map />
                        </option>
                        <option name="name" value="requestData.submitData.old.storeId" />
                        <option name="type" value="java.lang.String" />
                      </ColumnInfoDTO>
                      <ColumnInfoDTO>
                        <option name="custom" value="false" />
                        <option name="ext">
                          <map />
                        </option>
                        <option name="name" value="requestData.submitData.old.vehGroupId" />
                        <option name="type" value="java.lang.String" />
                      </ColumnInfoDTO>
                      <ColumnInfoDTO>
                        <option name="custom" value="false" />
                        <option name="ext">
                          <map />
                        </option>
                        <option name="name" value="requestData.submitData.old.vehicleId" />
                        <option name="type" value="java.lang.String" />
                      </ColumnInfoDTO>
                      <ColumnInfoDTO>
                        <option name="custom" value="false" />
                        <option name="ext">
                          <map />
                        </option>
                        <option name="name" value="requestData.submitData.type" />
                        <option name="type" value="java.lang.String" />
                      </ColumnInfoDTO>
                      <ColumnInfoDTO>
                        <option name="custom" value="false" />
                        <option name="ext">
                          <map />
                        </option>
                        <option name="name" value="requestData.tags" />
                        <option name="type" value="java.lang.String" />
                      </ColumnInfoDTO>
                      <ColumnInfoDTO>
                        <option name="custom" value="false" />
                        <option name="ext">
                          <map />
                        </option>
                        <option name="name" value="requestData.tags.deleteSectionPrice" />
                        <option name="type" value="java.lang.String" />
                      </ColumnInfoDTO>
                      <ColumnInfoDTO>
                        <option name="custom" value="false" />
                        <option name="ext">
                          <map />
                        </option>
                        <option name="name" value="requestData.tags.storeAvailableVehicleGroup" />
                        <option name="type" value="java.lang.String" />
                      </ColumnInfoDTO>
                      <ColumnInfoDTO>
                        <option name="custom" value="false" />
                        <option name="ext">
                          <map />
                        </option>
                        <option name="name" value="requestData.tags.vehicleDispatchLog" />
                        <option name="type" value="java.lang.String" />
                      </ColumnInfoDTO>
                      <ColumnInfoDTO>
                        <option name="custom" value="false" />
                        <option name="ext">
                          <map />
                        </option>
                        <option name="name" value="requestData.userId" />
                        <option name="type" value="java.lang.String" />
                      </ColumnInfoDTO>
                      <ColumnInfoDTO>
                        <option name="custom" value="false" />
                        <option name="ext">
                          <map />
                        </option>
                        <option name="name" value="requestData.userName" />
                        <option name="type" value="java.lang.String" />
                      </ColumnInfoDTO>
                      <ColumnInfoDTO>
                        <option name="custom" value="false" />
                        <option name="ext">
                          <map />
                        </option>
                        <option name="name" value="submitData" />
                        <option name="type" value="java.lang.String" />
                      </ColumnInfoDTO>
                      <ColumnInfoDTO>
                        <option name="custom" value="false" />
                        <option name="ext">
                          <map />
                        </option>
                        <option name="name" value="submitData.key" />
                        <option name="type" value="java.lang.String" />
                      </ColumnInfoDTO>
                      <ColumnInfoDTO>
                        <option name="custom" value="false" />
                        <option name="ext">
                          <map />
                        </option>
                        <option name="name" value="submitData.keyData" />
                        <option name="type" value="java.lang.String" />
                      </ColumnInfoDTO>
                      <ColumnInfoDTO>
                        <option name="custom" value="false" />
                        <option name="ext">
                          <map />
                        </option>
                        <option name="name" value="submitData.module" />
                        <option name="type" value="java.lang.String" />
                      </ColumnInfoDTO>
                      <ColumnInfoDTO>
                        <option name="custom" value="false" />
                        <option name="ext">
                          <map />
                        </option>
                        <option name="name" value="submitData.new" />
                        <option name="type" value="java.lang.String" />
                      </ColumnInfoDTO>
                      <ColumnInfoDTO>
                        <option name="custom" value="false" />
                        <option name="ext">
                          <map />
                        </option>
                        <option name="name" value="submitData.new.effect" />
                        <option name="type" value="java.lang.String" />
                      </ColumnInfoDTO>
                      <ColumnInfoDTO>
                        <option name="custom" value="false" />
                        <option name="ext">
                          <map />
                        </option>
                        <option name="name" value="submitData.new.isDel" />
                        <option name="type" value="java.lang.String" />
                      </ColumnInfoDTO>
                      <ColumnInfoDTO>
                        <option name="custom" value="false" />
                        <option name="ext">
                          <map />
                        </option>
                        <option name="name" value="submitData.new.name" />
                        <option name="type" value="java.lang.String" />
                      </ColumnInfoDTO>
                      <ColumnInfoDTO>
                        <option name="custom" value="false" />
                        <option name="ext">
                          <map />
                        </option>
                        <option name="name" value="submitData.new.remark" />
                        <option name="type" value="java.lang.String" />
                      </ColumnInfoDTO>
                      <ColumnInfoDTO>
                        <option name="custom" value="false" />
                        <option name="ext">
                          <map />
                        </option>
                        <option name="name" value="submitData.new.returnStoreId" />
                        <option name="type" value="java.lang.String" />
                      </ColumnInfoDTO>
                      <ColumnInfoDTO>
                        <option name="custom" value="false" />
                        <option name="ext">
                          <map />
                        </option>
                        <option name="name" value="submitData.new.status" />
                        <option name="type" value="java.lang.String" />
                      </ColumnInfoDTO>
                      <ColumnInfoDTO>
                        <option name="custom" value="false" />
                        <option name="ext">
                          <map />
                        </option>
                        <option name="name" value="submitData.new.storeId" />
                        <option name="type" value="java.lang.String" />
                      </ColumnInfoDTO>
                      <ColumnInfoDTO>
                        <option name="custom" value="false" />
                        <option name="ext">
                          <map />
                        </option>
                        <option name="name" value="submitData.new.vehGroupId" />
                        <option name="type" value="java.lang.String" />
                      </ColumnInfoDTO>
                      <ColumnInfoDTO>
                        <option name="custom" value="false" />
                        <option name="ext">
                          <map />
                        </option>
                        <option name="name" value="submitData.new.vehicleId" />
                        <option name="type" value="java.lang.String" />
                      </ColumnInfoDTO>
                      <ColumnInfoDTO>
                        <option name="custom" value="false" />
                        <option name="ext">
                          <map />
                        </option>
                        <option name="name" value="submitData.old" />
                        <option name="type" value="java.lang.String" />
                      </ColumnInfoDTO>
                      <ColumnInfoDTO>
                        <option name="custom" value="false" />
                        <option name="ext">
                          <map />
                        </option>
                        <option name="name" value="submitData.old.activeTime" />
                        <option name="type" value="java.lang.String" />
                      </ColumnInfoDTO>
                      <ColumnInfoDTO>
                        <option name="custom" value="false" />
                        <option name="ext">
                          <map />
                        </option>
                        <option name="name" value="submitData.old.effect" />
                        <option name="type" value="java.lang.String" />
                      </ColumnInfoDTO>
                      <ColumnInfoDTO>
                        <option name="custom" value="false" />
                        <option name="ext">
                          <map />
                        </option>
                        <option name="name" value="submitData.old.isDel" />
                        <option name="type" value="java.lang.String" />
                      </ColumnInfoDTO>
                      <ColumnInfoDTO>
                        <option name="custom" value="false" />
                        <option name="ext">
                          <map />
                        </option>
                        <option name="name" value="submitData.old.name" />
                        <option name="type" value="java.lang.String" />
                      </ColumnInfoDTO>
                      <ColumnInfoDTO>
                        <option name="custom" value="false" />
                        <option name="ext">
                          <map />
                        </option>
                        <option name="name" value="submitData.old.remark" />
                        <option name="type" value="java.lang.String" />
                      </ColumnInfoDTO>
                      <ColumnInfoDTO>
                        <option name="custom" value="false" />
                        <option name="ext">
                          <map />
                        </option>
                        <option name="name" value="submitData.old.returnStoreId" />
                        <option name="type" value="java.lang.String" />
                      </ColumnInfoDTO>
                      <ColumnInfoDTO>
                        <option name="custom" value="false" />
                        <option name="ext">
                          <map />
                        </option>
                        <option name="name" value="submitData.old.status" />
                        <option name="type" value="java.lang.String" />
                      </ColumnInfoDTO>
                      <ColumnInfoDTO>
                        <option name="custom" value="false" />
                        <option name="ext">
                          <map />
                        </option>
                        <option name="name" value="submitData.old.storeId" />
                        <option name="type" value="java.lang.String" />
                      </ColumnInfoDTO>
                      <ColumnInfoDTO>
                        <option name="custom" value="false" />
                        <option name="ext">
                          <map />
                        </option>
                        <option name="name" value="submitData.old.vehGroupId" />
                        <option name="type" value="java.lang.String" />
                      </ColumnInfoDTO>
                      <ColumnInfoDTO>
                        <option name="custom" value="false" />
                        <option name="ext">
                          <map />
                        </option>
                        <option name="name" value="submitData.old.vehicleId" />
                        <option name="type" value="java.lang.String" />
                      </ColumnInfoDTO>
                      <ColumnInfoDTO>
                        <option name="custom" value="false" />
                        <option name="ext">
                          <map />
                        </option>
                        <option name="name" value="submitData.type" />
                        <option name="type" value="java.lang.String" />
                      </ColumnInfoDTO>
                      <ColumnInfoDTO>
                        <option name="custom" value="false" />
                        <option name="ext">
                          <map />
                        </option>
                        <option name="name" value="updatedAt" />
                        <option name="type" value="java.lang.String" />
                      </ColumnInfoDTO>
                      <ColumnInfoDTO>
                        <option name="custom" value="false" />
                        <option name="ext">
                          <map />
                        </option>
                        <option name="name" value="diffData.data.from.2031" />
                        <option name="type" value="java.lang.String" />
                      </ColumnInfoDTO>
                      <ColumnInfoDTO>
                        <option name="custom" value="false" />
                        <option name="ext">
                          <map />
                        </option>
                        <option name="name" value="diffData.data.isDel.from" />
                        <option name="type" value="java.lang.String" />
                      </ColumnInfoDTO>
                      <ColumnInfoDTO>
                        <option name="custom" value="false" />
                        <option name="ext">
                          <map />
                        </option>
                        <option name="name" value="diffData.data.to.2031" />
                        <option name="type" value="java.lang.String" />
                      </ColumnInfoDTO>
                      <ColumnInfoDTO>
                        <option name="custom" value="false" />
                        <option name="ext">
                          <map />
                        </option>
                        <option name="name" value="requestData.submitData.new.2031" />
                        <option name="type" value="java.lang.String" />
                      </ColumnInfoDTO>
                      <ColumnInfoDTO>
                        <option name="custom" value="false" />
                        <option name="ext">
                          <map />
                        </option>
                        <option name="name" value="requestData.submitData.new.saleEffect" />
                        <option name="type" value="java.lang.String" />
                      </ColumnInfoDTO>
                      <ColumnInfoDTO>
                        <option name="custom" value="false" />
                        <option name="ext">
                          <map />
                        </option>
                        <option name="name" value="requestData.submitData.old.2031" />
                        <option name="type" value="java.lang.String" />
                      </ColumnInfoDTO>
                      <ColumnInfoDTO>
                        <option name="custom" value="false" />
                        <option name="ext">
                          <map />
                        </option>
                        <option name="name" value="requestData.submitData.old.saleEffect" />
                        <option name="type" value="java.lang.String" />
                      </ColumnInfoDTO>
                      <ColumnInfoDTO>
                        <option name="custom" value="false" />
                        <option name="ext">
                          <map />
                        </option>
                        <option name="name" value="requestData.tags.deleteShuttle" />
                        <option name="type" value="java.lang.String" />
                      </ColumnInfoDTO>
                      <ColumnInfoDTO>
                        <option name="custom" value="false" />
                        <option name="ext">
                          <map />
                        </option>
                        <option name="name" value="requestData.tags.storeShuttle" />
                        <option name="type" value="java.lang.String" />
                      </ColumnInfoDTO>
                      <ColumnInfoDTO>
                        <option name="custom" value="false" />
                        <option name="ext">
                          <map />
                        </option>
                        <option name="name" value="submitData.new.2031" />
                        <option name="type" value="java.lang.String" />
                      </ColumnInfoDTO>
                      <ColumnInfoDTO>
                        <option name="custom" value="false" />
                        <option name="ext">
                          <map />
                        </option>
                        <option name="name" value="submitData.new.saleEffect" />
                        <option name="type" value="java.lang.String" />
                      </ColumnInfoDTO>
                      <ColumnInfoDTO>
                        <option name="custom" value="false" />
                        <option name="ext">
                          <map />
                        </option>
                        <option name="name" value="submitData.old.2031" />
                        <option name="type" value="java.lang.String" />
                      </ColumnInfoDTO>
                      <ColumnInfoDTO>
                        <option name="custom" value="false" />
                        <option name="ext">
                          <map />
                        </option>
                        <option name="name" value="submitData.old.saleEffect" />
                        <option name="type" value="java.lang.String" />
                      </ColumnInfoDTO>
                      <ColumnInfoDTO>
                        <option name="custom" value="false" />
                        <option name="ext">
                          <map />
                        </option>
                        <option name="name" value="diffData.data.from.64" />
                        <option name="type" value="java.lang.String" />
                      </ColumnInfoDTO>
                      <ColumnInfoDTO>
                        <option name="custom" value="false" />
                        <option name="ext">
                          <map />
                        </option>
                        <option name="name" value="diffData.data.isDel.to" />
                        <option name="type" value="java.lang.String" />
                      </ColumnInfoDTO>
                      <ColumnInfoDTO>
                        <option name="custom" value="false" />
                        <option name="ext">
                          <map />
                        </option>
                        <option name="name" value="diffData.data.to.64" />
                        <option name="type" value="java.lang.String" />
                      </ColumnInfoDTO>
                      <ColumnInfoDTO>
                        <option name="custom" value="false" />
                        <option name="ext">
                          <map />
                        </option>
                        <option name="name" value="requestData.submitData.new.64" />
                        <option name="type" value="java.lang.String" />
                      </ColumnInfoDTO>
                      <ColumnInfoDTO>
                        <option name="custom" value="false" />
                        <option name="ext">
                          <map />
                        </option>
                        <option name="name" value="requestData.submitData.new.saleTime" />
                        <option name="type" value="java.lang.String" />
                      </ColumnInfoDTO>
                      <ColumnInfoDTO>
                        <option name="custom" value="false" />
                        <option name="ext">
                          <map />
                        </option>
                        <option name="name" value="requestData.submitData.old.64" />
                        <option name="type" value="java.lang.String" />
                      </ColumnInfoDTO>
                      <ColumnInfoDTO>
                        <option name="custom" value="false" />
                        <option name="ext">
                          <map />
                        </option>
                        <option name="name" value="requestData.submitData.old.saleTime" />
                        <option name="type" value="java.lang.String" />
                      </ColumnInfoDTO>
                      <ColumnInfoDTO>
                        <option name="custom" value="false" />
                        <option name="ext">
                          <map />
                        </option>
                        <option name="name" value="submitData.new.64" />
                        <option name="type" value="java.lang.String" />
                      </ColumnInfoDTO>
                      <ColumnInfoDTO>
                        <option name="custom" value="false" />
                        <option name="ext">
                          <map />
                        </option>
                        <option name="name" value="submitData.new.saleTime" />
                        <option name="type" value="java.lang.String" />
                      </ColumnInfoDTO>
                      <ColumnInfoDTO>
                        <option name="custom" value="false" />
                        <option name="ext">
                          <map />
                        </option>
                        <option name="name" value="submitData.old.64" />
                        <option name="type" value="java.lang.String" />
                      </ColumnInfoDTO>
                      <ColumnInfoDTO>
                        <option name="custom" value="false" />
                        <option name="ext">
                          <map />
                        </option>
                        <option name="name" value="submitData.old.saleTime" />
                        <option name="type" value="java.lang.String" />
                      </ColumnInfoDTO>
                      <ColumnInfoDTO>
                        <option name="custom" value="false" />
                        <option name="ext">
                          <map />
                        </option>
                        <option name="name" value="requestData.submitData.new.activeTime" />
                        <option name="type" value="java.lang.String" />
                      </ColumnInfoDTO>
                      <ColumnInfoDTO>
                        <option name="custom" value="false" />
                        <option name="ext">
                          <map />
                        </option>
                        <option name="name" value="submitData.new.activeTime" />
                        <option name="type" value="java.lang.String" />
                      </ColumnInfoDTO>
                    </list>
                  </option>
                  <option name="name" value="TestingUserLog202212" />
                  <option name="preName" value="" />
                  <option name="saveModelName" value="" />
                  <option name="savePackageName" value="" />
                  <option name="savePath" value="" />
                  <option name="templateGroupName" value="" />
                </TableInfoDTO>
              </value>
            </entry>
          </map>
        </option>
      </component>
      <component name="Encoding" native2AsciiForPropertiesFiles="true" defaultCharsetForPropertiesFiles="UTF-8">
        <file url="PROJECT" charset="UTF-8" />
      </component>
      <component name="GradleLocalSettings">
        <option name="projectSyncType">
          <map>
            <entry key="C:/workDev/gradle-test/spingkafka" value="PREVIEW" />
            <entry key="C:/workDev/normalSpace/iotep-eri-nap-adaptar" value="PREVIEW" />
            <entry key="C:/workDev/normalSpace/iotep-eri-nap-adaptar/iotep-eri-nap-adaptar-ft" value="PREVIEW" />
            <entry key="C:/workDev/normalSpace/iotep-provisioning-api" value="PREVIEW" />
            <entry key="C:/workDev/omacp/iotep-rtpg-integration" value="PREVIEW" />
            <entry key="C:/workDev/omacp/iotep-rtpg-integration/iotep-rtpg-integration-ft" value="PREVIEW" />
            <entry key="C:/workDev/omacp/pdu-omacp-processor" value="PREVIEW" />
            <entry key="C:/workDev/omacp/pdu-omacp-processor/pdu-omacp-processor-ft" value="PREVIEW" />
            <entry key="C:/workDev/testSpace/iotep-eri-nap-adaptar/iotep-eri-nap-adaptar-ft" value="PREVIEW" />
            <entry key="F:/demoCode/opensource/aicode" value="PREVIEW" />
          </map>
        </option>
      </component>
      <component name="PropertiesComponent">
        <property name="nodejs_interpreter_path.stuck_in_default_project" value="undefined stuck path" />
        <property name="nodejs_npm_path_reset_for_default_project" value="true" />
        <property name="project.structure.last.edited" value="Project" />
        <property name="project.structure.proportion" value="0.0" />
        <property name="project.structure.side.proportion" value="0.0" />
        <property name="settings.editor.selected.configurable" value="File.Encoding" />
      </component>
      <component name="RunDashboard">
        <option name="ruleStates">
          <list>
            <RuleState>
              <option name="name" value="ConfigurationTypeDashboardGroupingRule" />
            </RuleState>
            <RuleState>
              <option name="name" value="StatusDashboardGroupingRule" />
            </RuleState>
          </list>
        </option>
      </component>
      <component name="masterDetails">
        <states>
          <state key="GlobalLibrariesConfigurable.UI" />
          <state key="JdkListConfigurable.UI" />
          <state key="ProjectJDKs.UI">
            <settings>
              <last-edited>1.8</last-edited>
              <splitter-proportions>
                <option name="proportions">
                  <list>
                    <option value="0.2" />
                  </list>
                </option>
              </splitter-proportions>
            </settings>
          </state>
          <state key="ProjectLibrariesConfigurable.UI" />
        </states>
      </component>
    </defaultProject>
  </component>
</application>