<application>
  <component name="AppStorage">
    <option name="newTranslationDialogCollapseDictViewer" value="false" />
    <option name="newTranslationDialogHeight" value="200" />
    <option name="newTranslationDialogWidth" value="485" />
    <option name="newTranslationDialogX" value="343" />
    <option name="newTranslationDialogY" value="191" />
    <option name="pinTranslationDialog" value="true" />
    <histories>
      <item value="explicit" />
      <item value="Sentry Post Filter" />
      <item value="Sentry" />
      <item value="宽表" />
      <item value="宽" />
      <item value="ortho" />
      <item value="聚合" />
      <item value="聚簇" />
      <item value="聚" />
      <item value="aggegrate" />
      <item value="aggrate" />
      <item value="aggerate" />
      <item value="aggra" />
      <item value="a" />
      <item value="附加驾驶员费用" />
      <item value="统一起赔额" />
      <item value="统一起赔" />
      <item value="统一" />
      <item value="repair" />
      <item value="数字不在可选范围[1,2]内" />
      <item value="数字不在可选范围[]内" />
      <item value="数字不在可选范围【】内" />
      <item value="数字不在可选范围内" />
      <item value="不在可选范围内" />
      <item value="不在可选范围" />
      <item value="不在可选" />
      <item value="不在" />
      <item value="easy" />
      <item value="候选项" />
      <item value="easy " />
      <item value="未结束" />
      <item value="未" />
      <item value="结束" />
      <item value="unfilled" />
      <item value="未完成 订单" />
      <item value="未完成 " />
      <item value="未完成" />
      <item value="未完成订单" />
      <item value="check backlog" />
      <item value="backlog" />
      <item value="b" />
      <item value="verify" />
      <item value="ver" />
      <item value="v" />
      <item value="校验" />
      <item value="va" />
      <item value="valid" />
      <item value="vali" />
      <item value="vad" />
      <item value="vi" />
    </histories>
    <option name="languageScores">
      <map>
        <entry key="CHINESE" value="16" />
        <entry key="ENGLISH" value="15" />
      </map>
    </option>
  </component>
  <component name="Cache">
    <option name="lastTrimTime" value="1683255955413" />
  </component>
  <component name="Settings">
    <option name="translator" value="YOUDAO" />
    <option name="youdaoTranslateSettings">
      <youdao-translate>
        <option name="appId" value="661bc224c4b68672" />
      </youdao-translate>
    </option>
  </component>
</application>