<application>
  <component name="easyJavadoc">
    <option name="accessKeyId" value="" />
    <option name="accessKeySecret" value="" />
    <option name="appId" value="" />
    <option name="author" value="Administrator" />
    <option name="genAllClass" value="true" />
    <option name="genAllField" value="false" />
    <option name="genAllInnerClass" value="false" />
    <option name="genAllMethod" value="false" />
    <option name="googleKey" value="" />
    <option name="kdocAuthor" value="Administrator" />
    <option name="kdocSimpleFieldDoc" value="true" />
    <option name="microsoftKey" value="" />
    <option name="projectWordMap">
      <map>
        <entry key="ercp-service">
          <value>
            <map />
          </value>
        </entry>
      </map>
    </option>
    <option name="secretId" value="" />
    <option name="secretKey" value="" />
    <option name="simpleFieldDoc" value="true" />
    <option name="token" value="" />
    <option name="translator" value="微软免费翻译" />
    <option name="youdaoAppKey" value="" />
    <option name="youdaoAppSecret" value="" />
  </component>
</application>