<application>
  <component name="GitRememberedInputs">
    <option name="visitedUrls">
      <list>
        <UrlAndUserName>
          <option name="url" value="http://gitlab.utopaos.cn" />
          <option name="userName" value="fenghaolin" />
        </UrlAndUserName>
        <UrlAndUserName>
          <option name="url" value="http://gitlab.fosh.ga" />
          <option name="userName" value="dante" />
        </UrlAndUserName>
        <UrlAndUserName>
          <option name="url" value="http://github.com" />
          <option name="userName" value="476400902@qq.com" />
        </UrlAndUserName>
        <UrlAndUserName>
          <option name="url" value="http://10.186.140.84" />
          <option name="userName" value="fenghaolin" />
        </UrlAndUserName>
        <UrlAndUserName>
          <option name="url" value="http://gitee.com" />
          <option name="userName" value="dantefung" />
        </UrlAndUserName>
      </list>
    </option>
  </component>
  <component name="Vcs.Log.App.Settings">
    <option name="COLUMN_ID_ORDER">
      <list>
        <option value="Default.Root" />
        <option value="Default.Subject" />
        <option value="Default.Author" />
        <option value="Default.Date" />
      </list>
    </option>
  </component>
</application>