<application>
  <component name="AppStorage">
    <option name="newTranslationDialogCollapseDictViewer" value="false" />
    <option name="newTranslationDialogHeight" value="169" />
    <option name="newTranslationDialogWidth" value="429" />
    <option name="newTranslationDialogX" value="2670" />
    <option name="newTranslationDialogY" value="326" />
    <option name="pinTranslationDialog" value="true" />
    <histories>
      <item value="splittable" />
      <item value="splitable" />
      <item value="splita" />
      <item value="联动" />
      <item value="Booster seat" />
      <item value="Infant chilBooster seatd seat" />
      <item value="Infant child seat" />
      <item value="中间件" />
      <item value="effect" />
      <item value="摘要" />
      <item value="未设置" />
      <item value="未" />
      <item value="we" />
      <item value="reliable" />
      <item value="relia" />
      <item value="re" />
      <item value="default" />
      <item value="补齐" />
      <item value="补" />
      <item value="补充" />
      <item value="make up for" />
      <item value="remai" />
      <item value="bu" />
      <item value="remain" />
      <item value="弥补" />
      <item value="need" />
      <item value="needDefault" />
      <item value="needDefaultIds" />
      <item value="needDefau" />
      <item value="needDe" />
      <item value="剩余" />
      <item value="l" />
      <item value="left" />
      <item value="必须" />
      <item value="未完成" />
      <item value="合作" />
      <item value="过滤" />
      <item value="标题栏" />
      <item value="标题" />
      <item value="toolbar" />
      <item value="bar" />
      <item value="br" />
      <item value="b" />
      <item value="ba" />
      <item value="head" />
      <item value="heade" />
      <item value="bav" />
      <item value="discountBind" />
      <item value="discount" />
      <item value="dis" />
    </histories>
    <option name="languageScores">
      <map>
        <entry key="CHINESE" value="22" />
        <entry key="ENGLISH" value="21" />
      </map>
    </option>
  </component>
  <component name="Cache">
    <option name="lastTrimTime" value="1690790032873" />
  </component>
  <component name="Settings">
    <option name="translator" value="YOUDAO" />
    <option name="youdaoTranslateSettings">
      <youdao-translate>
        <option name="appId" value="661bc224c4b68672" />
      </youdao-translate>
    </option>
  </component>
  <component name="Translation.Cache">
    <option name="lastTrimTime" value="1709540845328" />
  </component>
  <component name="Translation.Settings">
    <option name="aliTranslateSettings">
      <app-key>
        <option name="appId" value="LTAI5tMPiLZaByFXuWb5FzUp" />
      </app-key>
    </option>
    <option name="primaryLanguage" value="CHINESE" />
    <option name="youdaoTranslateSettings">
      <youdao-translate>
        <option name="appId" value="661bc224c4b68672" />
      </youdao-translate>
    </option>
  </component>
  <component name="Translation.States">
    <option name="newTranslationDialogCollapseDictViewer" value="false" />
    <option name="newTranslationDialogHeight" value="206" />
    <option name="newTranslationDialogWidth" value="450" />
    <option name="newTranslationDialogX" value="379" />
    <option name="newTranslationDialogY" value="132" />
    <histories>
      <item value="price core biz service" />
      <item value="price core biz" />
      <item value="price core" />
      <item value="price code" />
      <item value="报价计算" />
      <item value="报价ji" />
      <item value="报价" />
      <item value="belong_store_type" />
      <item value="be_store_type" />
      <item value="b_store_type" />
      <item value="_store_type" />
      <item value="own_store_type" />
      <item value="o_store_type" />
      <item value="store_type" />
      <item value="store" />
      <item value="格式兼容" />
      <item value="ge" />
      <item value="bao" />
      <item value="算价" />
      <item value="一样" />
      <item value="一致性" />
      <item value="一致xk" />
      <item value="一致" />
      <item value="yivi" />
      <item value="提还不一致" />
      <item value="提还bui" />
      <item value="提还" />
      <item value="提hr" />
      <item value="ti" />
      <item value="tihr" />
      <item value="提还车门店是否" />
      <item value="fw" />
      <item value="加购商品" />
      <item value="加购shang" />
      <item value="加购" />
      <item value="jia" />
      <item value="架构" />
      <item value="过滤门店可用车型组" />
      <item value="过滤门店可用" />
      <item value="go" />
      <item value="过滤" />
      <item value="fil" />
      <item value="tsv" />
      <item value="注入" />
      <item value="追加" />
      <item value="添加" />
      <item value="补充" />
      <item value="bu" />
      <item value="ui" />
      <item value="记" />
    </histories>
    <option name="languageScores">
      <map>
        <entry key="CHINESE" value="569" />
        <entry key="ENGLISH" value="484" />
      </map>
    </option>
  </component>
</application>