<application>
  <component name="AppStorage">
    <option name="newTranslationDialogCollapseDictViewer" value="false" />
    <option name="newTranslationDialogHeight" value="236" />
    <option name="newTranslationDialogWidth" value="453" />
    <option name="newTranslationDialogX" value="2848" />
    <option name="newTranslationDialogY" value="173" />
    <option name="pinTranslationDialog" value="true" />
    <histories>
      <item value="未完成" />
      <item value="未" />
      <item value="合作" />
      <item value="过滤" />
      <item value="标题栏" />
      <item value="标题" />
      <item value="toolbar" />
      <item value="bar" />
      <item value="br" />
      <item value="b" />
      <item value="ba" />
      <item value="head" />
      <item value="heade" />
      <item value="bav" />
      <item value="discountBind" />
      <item value="discount" />
      <item value="dis" />
      <item value="packa" />
      <item value="package" />
      <item value="单独售卖" />
      <item value="单独" />
      <item value="标准码已经存在" />
      <item value="标准码已经" />
      <item value="标准码" />
      <item value="标准码不允许修改" />
      <item value="标准码不允许" />
      <item value="对外访问" />
      <item value="对外" />
      <item value="dui" />
      <item value="第三方" />
      <item value="ni" />
      <item value="audit" />
      <item value="新理赔生效时间" />
      <item value="新理赔生效" />
      <item value="新理赔" />
      <item value="新" />
      <item value="compensate" />
      <item value="需要补偿" />
      <item value="需要" />
      <item value="需要补充" />
      <item value="补充" />
      <item value="sale type code" />
      <item value="sale " />
      <item value="sale type dao" />
      <item value="sale type " />
      <item value="sale type enum" />
      <item value="sale type idx" />
      <item value="sale type ix" />
      <item value="sale type index" />
      <item value="sale type i" />
    </histories>
    <option name="languageScores">
      <map>
        <entry key="CHINESE" value="21" />
        <entry key="ENGLISH" value="20" />
      </map>
    </option>
  </component>
  <component name="Cache">
    <option name="lastTrimTime" value="1689560111735" />
  </component>
  <component name="Settings">
    <option name="translator" value="YOUDAO" />
    <option name="youdaoTranslateSettings">
      <youdao-translate>
        <option name="appId" value="661bc224c4b68672" />
      </youdao-translate>
    </option>
  </component>
</application>