<application>
  <component name="AppStorage">
    <option name="newTranslationDialogHeight" value="206" />
    <option name="newTranslationDialogWidth" value="505" />
    <option name="newTranslationDialogX" value="518" />
    <option name="newTranslationDialogY" value="190" />
    <option name="pinTranslationDialog" value="true" />
    <histories>
      <item value="pure link" />
      <item value="pure " />
      <item value="头像" />
      <item value="avatar" />
      <item value="交换" />
      <item value="添加一条组合日志" />
      <item value="添加一条组合" />
      <item value="添加一条" />
      <item value="添加" />
      <item value="Assist" />
      <item value="标签" />
      <item value="超链接" />
      <item value="抽象" />
      <item value="定义" />
      <item value="接口" />
      <item value="dropdown" />
      <item value="show line" />
      <item value="展示描述对象" />
      <item value="展示描述" />
      <item value="展示" />
      <item value="meta data" />
      <item value="meta " />
      <item value="meta" />
      <item value="描述" />
      <item value="done" />
      <item value="半成品" />
      <item value="构造半成品" />
      <item value="构造" />
      <item value="had converted" />
      <item value="had convert" />
      <item value="已转换" />
      <item value="已" />
      <item value="RAW" />
      <item value="R" />
      <item value="wu" />
      <item value="none" />
      <item value="onn" />
      <item value="no" />
      <item value="不翻" />
      <item value="不翻译" />
      <item value="不" />
      <item value="不防疫" />
      <item value="NOT" />
      <item value="原值" />
      <item value="原" />
      <item value="翻译" />
      <item value="combine" />
      <item value="resolve definition" />
      <item value="resolve def" />
      <item value="resolve de" />
    </histories>
    <option name="languageScores">
      <map>
        <entry key="CHINESE" value="8" />
        <entry key="ENGLISH" value="8" />
      </map>
    </option>
  </component>
  <component name="Cache">
    <option name="lastTrimTime" value="1678026290055" />
  </component>
  <component name="Settings">
    <option name="translator" value="YOUDAO" />
    <option name="youdaoTranslateSettings">
      <youdao-translate>
        <option name="appId" value="661bc224c4b68672" />
      </youdao-translate>
    </option>
  </component>
</application>