<application>
  <component name="CodotaSettings">
    <option name="methodCompletionsPercentageSet" value="true" />
    <option name="id" value="2c95d3a5-ca77-4de2-99c7-3dfe72e059aa" />
    <option name="wasRunBefore" value="true" />
    <option name="firstRun" value="1573195779092" />
    <option name="generation" value="58" />
    <option name="updateGeneration" value="1" />
    <option name="isInJSBeta" value="YES" />
    <option name="isMethodCompletionsPercentageActive" value="true" />
    <option name="isMethodCompletionsPercentageSet" value="true" />
  </component>
</application>