<application>
  <component name="GitRememberedInputs">
    <option name="visitedUrls">
      <list>
        <UrlAndUserName>
          <option name="url" value="http://gitlab.utopaos.cn" />
          <option name="userName" value="fenghaolin" />
        </UrlAndUserName>
        <UrlAndUserName>
          <option name="url" value="http://gitlab.fosh.ga" />
          <option name="userName" value="dante" />
        </UrlAndUserName>
        <UrlAndUserName>
          <option name="url" value="http://github.com" />
          <option name="userName" value="476400902@qq.com" />
        </UrlAndUserName>
      </list>
    </option>
  </component>
</application>