<keymap version="1" name="Eclipse copy 1" parent="Eclipse">
  <action id="$ShowTranslationDialogAction" />
  <action id="AceAction" />
  <action id="ActivateTerminalToolWindow">
    <keyboard-shortcut first-keystroke="alt f12" />
    <keyboard-shortcut first-keystroke="ctrl alt back_slash" />
  </action>
  <action id="CloseActiveTab">
    <keyboard-shortcut first-keystroke="ctrl f4" />
  </action>
  <action id="CloseContent">
    <keyboard-shortcut first-keystroke="ctrl w" />
  </action>
  <action id="CollapseBlock" />
  <action id="CollapseSelection" />
  <action id="EditorChooseLookupItemDot" />
  <action id="EditorDecreaseFontSize">
    <mouse-shortcut keystroke="control button142" />
    <keyboard-shortcut first-keystroke="shift ctrl minus" />
  </action>
  <action id="EditorIncreaseFontSize">
    <mouse-shortcut keystroke="control button143" />
    <keyboard-shortcut first-keystroke="shift ctrl equals" />
  </action>
  <action id="EditorResetFontSize">
    <mouse-shortcut keystroke="control button1 doubleClick" />
  </action>
  <action id="EditorScrollToCenter" />
  <action id="FileChooser.LightEditGotoOpenedFile">
    <keyboard-shortcut first-keystroke="shift alt 1" />
  </action>
  <action id="GotoNextError">
    <keyboard-shortcut first-keystroke="ctrl period" />
    <keyboard-shortcut first-keystroke="alt period" />
  </action>
  <action id="GotoPreviousError">
    <keyboard-shortcut first-keystroke="shift f1" />
    <keyboard-shortcut first-keystroke="shift ctrl period" />
    <keyboard-shortcut first-keystroke="shift alt period" />
  </action>
  <action id="HideAllWindows">
    <keyboard-shortcut first-keystroke="shift ctrl f12" />
    <keyboard-shortcut first-keystroke="ctrl m" />
  </action>
  <action id="RunAnything">
    <keyboard-shortcut first-keystroke="ctrl alt r" />
  </action>
  <action id="SearchEverywhere">
    <keyboard-shortcut first-keystroke="alt s" />
  </action>
  <action id="SelectInProjectView">
    <keyboard-shortcut first-keystroke="shift alt 2" />
  </action>
  <action id="Vcs.ShowMessageHistory">
    <keyboard-shortcut first-keystroke="ctrl e" />
  </action>
  <action id="VimPluginToggle">
    <keyboard-shortcut first-keystroke="ctrl semicolon" />
  </action>
</keymap>