<application>
  <component name="ProjectManager">
    <defaultProject>
      <component name="Encoding" native2AsciiForPropertiesFiles="true" defaultCharsetForPropertiesFiles="UTF-8">
        <file url="PROJECT" charset="UTF-8" />
      </component>
      <component name="GradleLocalSettings">
        <option name="projectSyncType">
          <map>
            <entry key="C:/workDev/gradle-test/spingkafka" value="PREVIEW" />
            <entry key="C:/workDev/normalSpace/iotep-eri-nap-adaptar" value="PREVIEW" />
            <entry key="C:/workDev/normalSpace/iotep-eri-nap-adaptar/iotep-eri-nap-adaptar-ft" value="PREVIEW" />
            <entry key="C:/workDev/normalSpace/iotep-provisioning-api" value="PREVIEW" />
            <entry key="C:/workDev/omacp/iotep-rtpg-integration" value="PREVIEW" />
            <entry key="C:/workDev/omacp/iotep-rtpg-integration/iotep-rtpg-integration-ft" value="PREVIEW" />
            <entry key="C:/workDev/omacp/pdu-omacp-processor" value="PREVIEW" />
            <entry key="C:/workDev/omacp/pdu-omacp-processor/pdu-omacp-processor-ft" value="PREVIEW" />
            <entry key="C:/workDev/testSpace/iotep-eri-nap-adaptar/iotep-eri-nap-adaptar-ft" value="PREVIEW" />
            <entry key="F:/demoCode/opensource/aicode" value="PREVIEW" />
          </map>
        </option>
      </component>
      <component name="PropertiesComponent">
        <property name="nodejs_interpreter_path.stuck_in_default_project" value="undefined stuck path" />
        <property name="nodejs_npm_path_reset_for_default_project" value="true" />
        <property name="settings.editor.selected.configurable" value="File.Encoding" />
      </component>
      <component name="RunDashboard">
        <option name="ruleStates">
          <list>
            <RuleState>
              <option name="name" value="ConfigurationTypeDashboardGroupingRule" />
            </RuleState>
            <RuleState>
              <option name="name" value="StatusDashboardGroupingRule" />
            </RuleState>
          </list>
        </option>
      </component>
      <component name="masterDetails">
        <states>
          <state key="ProjectJDKs.UI">
            <settings>
              <last-edited>1.8</last-edited>
              <splitter-proportions>
                <option name="proportions">
                  <list>
                    <option value="0.2" />
                  </list>
                </option>
              </splitter-proportions>
            </settings>
          </state>
        </states>
      </component>
    </defaultProject>
  </component>
</application>