<application>
  <component name="SonarLintGlobalSettings">
    <option name="nodejsPath" value="" />
    <option name="sonarQubeServers">
      <list>
        <SonarQubeServer>
          <option name="hostUrl" value="http://10.5.28.51:19000" />
          <option name="name" value="utopa" />
          <option name="login" value="devuser" />
          <password>dfcedfcfdfdcdfdfdfd9dfcfdfd8df8bdfeadf89</password>
          <organizationKey>default-organization</organizationKey>
        </SonarQubeServer>
      </list>
    </option>
    <rules />
  </component>
</application>