<application>
  <component name="ExportableFileTemplateSettings">
    <default_templates>
      <template name="FHLcustomCrudDTO.java" file-name="${NAME}AddDTO" reformat="true" live-template-enabled="false">
        <template name="FHLcustomCrudDTO.java.child.2.java" file-name="${NAME}UpdateDTO" reformat="true" live-template-enabled="false" />
        <template name="FHLcustomCrudDTO.java.child.1.java" file-name="${NAME}ListDTO" reformat="true" live-template-enabled="false" />
        <template name="FHLcustomCrudDTO.java.child.0.java" file-name="${NAME}GetDTO" reformat="true" live-template-enabled="false" />
      </template>
      <template name="FHLcustomCrudDTO.java.child.0.java" file-name="${NAME}GetDTO" reformat="true" live-template-enabled="false" />
      <template name="FHLcustomCrudDTO.java.child.1.java" file-name="${NAME}ListDTO" reformat="true" live-template-enabled="false" />
      <template name="FHLcustomCrudDTO.java.child.2.java" file-name="${NAME}UpdateDTO" reformat="true" live-template-enabled="false" />
      <template name="FHLcustomCrudReq.java" file-name="${NAME}AddReq" reformat="true" live-template-enabled="false">
        <template name="FHLcustomCrudReq.java.child.0.java" file-name="${NAME}UpdateReq" reformat="true" live-template-enabled="false" />
        <template name="FHLcustomCrudReq.java.child.1.java" file-name="${NAME}ListReq" reformat="true" live-template-enabled="false" />
        <template name="FHLcustomCrudReq.java.child.2.java" file-name="${NAME}GetReq" reformat="true" live-template-enabled="false" />
      </template>
      <template name="FHLcustomCrudReq.java.child.0.java" file-name="${NAME}UpdateReq" reformat="true" live-template-enabled="false" />
      <template name="FHLcustomCrudReq.java.child.1.java" file-name="${NAME}ListReq" reformat="true" live-template-enabled="false" />
      <template name="FHLcustomCrudReq.java.child.2.java" file-name="${NAME}GetReq" reformat="true" live-template-enabled="false" />
    </default_templates>
  </component>
</application>