<application>
  <component name="AppStorage">
    <option name="newTranslationDialogCollapseDictViewer" value="false" />
    <option name="newTranslationDialogHeight" value="169" />
    <option name="newTranslationDialogWidth" value="429" />
    <option name="newTranslationDialogX" value="2670" />
    <option name="newTranslationDialogY" value="326" />
    <option name="pinTranslationDialog" value="true" />
    <histories>
      <item value="splittable" />
      <item value="splitable" />
      <item value="splita" />
      <item value="联动" />
      <item value="Booster seat" />
      <item value="Infant chilBooster seatd seat" />
      <item value="Infant child seat" />
      <item value="中间件" />
      <item value="effect" />
      <item value="摘要" />
      <item value="未设置" />
      <item value="未" />
      <item value="we" />
      <item value="reliable" />
      <item value="relia" />
      <item value="re" />
      <item value="default" />
      <item value="补齐" />
      <item value="补" />
      <item value="补充" />
      <item value="make up for" />
      <item value="remai" />
      <item value="bu" />
      <item value="remain" />
      <item value="弥补" />
      <item value="need" />
      <item value="needDefault" />
      <item value="needDefaultIds" />
      <item value="needDefau" />
      <item value="needDe" />
      <item value="剩余" />
      <item value="l" />
      <item value="left" />
      <item value="必须" />
      <item value="未完成" />
      <item value="合作" />
      <item value="过滤" />
      <item value="标题栏" />
      <item value="标题" />
      <item value="toolbar" />
      <item value="bar" />
      <item value="br" />
      <item value="b" />
      <item value="ba" />
      <item value="head" />
      <item value="heade" />
      <item value="bav" />
      <item value="discountBind" />
      <item value="discount" />
      <item value="dis" />
    </histories>
    <option name="languageScores">
      <map>
        <entry key="CHINESE" value="22" />
        <entry key="ENGLISH" value="21" />
      </map>
    </option>
  </component>
  <component name="Cache">
    <option name="lastTrimTime" value="1690790032873" />
  </component>
  <component name="Settings">
    <option name="translator" value="YOUDAO" />
    <option name="youdaoTranslateSettings">
      <youdao-translate>
        <option name="appId" value="661bc224c4b68672" />
      </youdao-translate>
    </option>
  </component>
  <component name="Translation.Cache">
    <option name="lastTrimTime" value="1693215216011" />
  </component>
  <component name="Translation.Settings">
    <option name="aliTranslateSettings">
      <app-key>
        <option name="appId" value="LTAI5tMPiLZaByFXuWb5FzUp" />
      </app-key>
    </option>
    <option name="primaryLanguage" value="CHINESE" />
    <option name="translator" value="YOUDAO" />
    <option name="youdaoTranslateSettings">
      <youdao-translate>
        <option name="appId" value="661bc224c4b68672" />
      </youdao-translate>
    </option>
  </component>
  <component name="Translation.States">
    <option name="newTranslationDialogCollapseDictViewer" value="false" />
    <option name="newTranslationDialogHeight" value="203" />
    <option name="newTranslationDialogWidth" value="501" />
    <option name="newTranslationDialogX" value="400" />
    <option name="newTranslationDialogY" value="144" />
    <histories>
      <item value="Prefix must be in canonical form" />
      <item value="substitution" />
      <item value="替代" />
      <item value="subsitute" />
      <item value="subsi" />
      <item value="subsu" />
      <item value="替换" />
      <item value="Expiration" />
      <item value="intervel time" />
      <item value="inter" />
      <item value="gap time" />
      <item value="gap year" />
      <item value="gap ya" />
      <item value="gap " />
      <item value="间隔" />
      <item value="Illuminate" />
      <item value="覆盖更新" />
      <item value="覆盖" />
      <item value="股改" />
      <item value="fu" />
      <item value="latest" />
      <item value="流程" />
      <item value="下次年检到期日期" />
      <item value="实际年检到期日期" />
      <item value="实际年检到期日" />
      <item value="实际年检到期" />
      <item value="实际年检" />
      <item value="Annual inspection due date" />
      <item value="年检到期日期" />
      <item value="年检到期" />
      <item value="年检到期ri" />
      <item value="Finished" />
      <item value="transmissionTyp  Name" />
      <item value="transmissionTyp eName" />
      <item value="transmissionTypeName" />
      <item value="carriageName" />
      <item value="sentive" />
      <item value="senti" />
      <item value="sen" />
      <item value="Create" />
      <item value="构建" />
      <item value="cache aware event" />
      <item value="care aware event" />
      <item value="care aware " />
      <item value="care a" />
      <item value="care are" />
      <item value="ca" />
      <item value="search refer event " />
      <item value="search refer " />
      <item value="search " />
    </histories>
    <option name="languageScores">
      <map>
        <entry key="CHINESE" value="56" />
        <entry key="ENGLISH" value="35" />
      </map>
    </option>
  </component>
</application>